Name,Moving from,Moving to
Grant Evans,Hamilton Academical,Greenock Morton
Kevin Brown,Raith Rovers,BÍ/Bolungarvík
Paul Hartley,Aberdeen,Alloa Athletic
Brian Graham,Greenock Morton,Raith Rovers
Ryan Logan,Raith Rovers,Heart of Midlothian
David Robertson,Dundee United,St. Johnstone
John Rankin,Hibernian,Dundee United
Roy McBain,Inverness Caledonian Thistle,Peterhead
Ivan Sproule,Bristol City,Hibernian
Andy Graham,Hamilton Academical,Greenock Morton
Paul di Giacomo,Ross County,Greenock Morton
Colin McMenamin,Queen of the South,Ross County
Ross Forsyth,Stirling Albion,Greenock Morton
Christopher Malone,Livingston,Airdrie United
Lewis Bonar,Falkirk,Stirling Albion
Sean Higgins,Dundee,St. Johnstone
Allan Jenkins,Greenock Morton,Ballymena United
Stuart Golabek,Inverness Caledonian Thistle,Brora Rangers
Willo Flood,Middlesbrough,Dundee United
Grant Munro,Inverness Caledonian Thistle,Ross County
Graham Weir,Raith Rovers,Brechin City
Danny Grainger,St. Johnstone,Heart of Midlothian
Jamie Hamill,Kilmarnock,Heart of Midlothian
John Sutton,Motherwell,Heart of Midlothian
Callum Davidson,Preston North End,St. Johnstone
Johnny Lindsay,St. Johnstone,Partick Thistle
Willie McLaren,Queen of the South,Hamilton Academical
Josh Robinson,Linfield,Rangers
Jordan Elfverson,Dundee United,Arbroath
Kevin Kelbie,Greenock Morton,Glenavon
Paul Burns,Queen of the South,Dunfermline Athletic
Graham Bayne,Dunfermline Athletic,Dundee
Cleveland Taylor,St. Johnstone,Burton Albion
Michael Duberry,St. Johnstone,Oxford United
Steven Thompson,Burnley,St. Mirren
Kevin Rutkiewicz,St. Johnstone,Dunfermline Athletic
Joe Hamill,Livingston,Raith Rovers
Matty Hughes,Celtic,Fleetwood Town
Patrick Boyle,Partick Thistle,Dunfermline Athletic
Liam Miller,Hibernian,Perth Glory
Youl Mawéné,Panserraikos,Aberdeen
Michael Higdon,St. Mirren,Motherwell
Andrew Barrowman,Ross County,Dunfermline Athletic
Frazer Wright,Kilmarnock,St. Johnstone
Aaron Conway,Livingston,Peterhead
Garry Brady,St. Mirren,Brechin City
Sean Fitzharris,Celtic,Greenock Morton
Nigel Hasselbaink,Hamilton Academical,St. Mirren
Paul McGowan,Celtic,St. Mirren
Scott Bain,Aberdeen,Alloa Athletic
Jordan Robertson,St. Johnstone,Scunthorpe United
Grégory Tadé,Raith Rovers,Inverness Caledonian Thistle
Calum Woods,Dunfermline Athletic,Huddersfield Town
Greg Tansey,Stockport County,Inverness Caledonian Thistle
Craig Bryson,Kilmarnock,Derby County
Paul Gallacher,St. Mirren,Dunfermline Athletic
Graeme Smith,St. Johnstone,St. Mirren
Andy Jackson,St. Johnstone,Greenock Morton
Michael Fraser,Birkirkara,Ross County
James Wightman,Celtic,Partick Thistle
Aaron Sekhon,Falkirk,Partick Thistle
Darren Dods,Dundee United,Falkirk
Dylan McGowan,Heart of Midlothian,Gold Coast United
Ryan McCord,Dundee United,Alloa Athletic
Ross McCord,Dundee United,Alloa Athletic
Mehdi Taouil,Kilmarnock,Heart of Midlothian
Kurtis Byrne,Hibernian,Ross County
Russell Duncan,Inverness Caledonian Thistle,Ross County
Andy Rodgers,Ayr United,Stenhousemuir
Paul Heffernan,Sheffield Wednesday,Kilmarnock
Garry O'Connor,Barnsley,Hibernian
Devon Jacobs,Livingston,Stirling Albion
Morgaro Gomis,Dundee United,Birmingham City
Sam Morrow,Tranmere Rovers,Ross County
Greg Paterson,Dunfermline Athletic,Forfar Athletic
Rui Miguel,Kilmarnock,Académica de Coimbra
Sean O'Hanlon,Milton Keynes Dons,Hibernian
Rocco Quinn,Queen of the South,Ross County
Stephen Simmons,Raith Rovers,Queen of the South
Neil Duffy,St. Johnstone,Peterhead
David Lilley,Queen of the South,Airdrie United
Dawid Kucharski,Heart of Midlothian,Pogoń Szczecin
Ryan Conroy,Celtic,Dundee
Steven Milne,Ross County,Dundee
Jake Hyde,Dunfermline Athletic,Dundee
Grant Anderson,Stenhousemuir,Hamilton Academical
John Potter,St. Mirren,Dunfermline Athletic
Jordan Moffat,Celtic,Partick Thistle
Dale Keenan,Celtic,Partick Thistle
Bradley Halsman,Motherwell,Partick Thistle
Gavin Griffin,Motherwell,Partick Thistle
Gary Harkins,Dundee,Kilmarnock
Patrick Ada,Crewe Alexandra,Kilmarnock
Tom Aldred,Watford,Inverness Caledonian Thistle
Danny Racchi,York City,Kilmarnock
Ross Chisholm,Arbroath,Dundee
Craig Forsyth,Dundee,Watford
Darren Young,Greenock Morton,Alloa Athletic
Chris Moir,Inverness Caledonian Thistle,Brora Rangers
Michael O’Byrne,Livingston,Albion Rovers
Craig Conway,Dundee United,Cardiff City
Aaron McGregor,Unattached,Rangers
Raffaele De Vita,Livingston,Swindon Town
Gary McDonald,Hamilton Academical,Morecambe
David McCracken,Brentford,St. Johnstone
Graeme Holmes,Greenock Morton,Alloa Athletic
Carl Finnigan,Falkirk,St. Johnstone
Mark Campbell,Raith Rovers,Queen of the South
Kevin Smith,Notts County,Queen of the South
Colin Nish,Hibernian,Hartlepool United
Gareth Wardlaw,St. Mirren,Ayr United
Michael McGowan,Alloa Athletic,Ayr United
John Robertson,Partick Thistle,Ayr United
Kevin Cuthbert,Greenock Morton,Ayr United
Andy Geggan,Dumbarton,Ayr United
Scott Davidson,Falkirk,Stirling Albion
Chris Clark,Plymouth Argyle,Aberdeen
Stewart Kean,Greenock Morton,Stenhousemuir
Chris Maguire,Aberdeen,Derby County
David González,Manchester City,Aberdeen
Adam Rooney,Inverness Caledonian Thistle,Birmingham City
Dean Lyness,Heart of Midlothian,Kidderminster Harriers
Isaac Osbourne,Coventry City,Aberdeen
Zdeněk Kroča,Luton Town,Kilmarnock
Ryan Frances,St. Mirren,East Stirlingshire
Dylan McGeouch,Rangers,Celtic
Nicky Devlin,Dumbarton,Motherwell
Kelvin Wilson,Nottingham Forest,Celtic
Adam Matthews,Cardiff City,Celtic
Myles Anderson,Aberdeen,Blackburn Rovers
Tom Skogsrud,Manchester City,Rangers
Kim Skogsrud,Manchester City,Rangers
Nicky Law,Rotherham,Motherwell
Mark Stewart,Falkirk,Bradford City
Chris Mitchell,Falkirk,Bradford City
Danny Buijs,Den Haag,Kilmarnock
Gary Teale,Sheffield Wednesday,St. Mirren
Robert Olejnik,Falkirk,Torquay United
Jordan McKechnie,Raith Rovers,Annan Athletic
David Hutton,Queen of the South,Hamilton Academical
Craig Wedderburn,Raith Rovers,Arbroath
Jordan White,Dunfermline Athletic,Drogheda United
Murray Christie,Heart of Midlothian,Cowdenbeath
Jamie McCormack,Heart of Midlothian,Wigan Athletic
Kieran Stallard,Falkirk,Airdrie United
Lewis Davidson,Aberdeen,Peterhead
Thomas Flynn,Hibernian,Cowdenbeath
Marc Twaddle,Falkirk,Rochdale
Zander Clark,St. Johnstone,Elgin City
Conor Ramsay,St. Mirren,Greenock Morton
Creag Little,St. Mirren,Greenock Morton
Andrew Shinnie,Rangers,Inverness Caledonian Thistle
Josh Meekings,Ipswich Town,Inverness Caledonian Thistle
Chris Higgins,Dunfermline Athletic,Queen of the South
Peter MacDonald,St. Johnstone,Greenock Morton
Archie Campbell,Rangers,Greenock Morton
Darren McGeough,Stranraer,Greenock Morton
Robert Ogleby,Heart of Midlothian,East Fife
Matthew Park,Heart of Midlothian,East Fife
Juan Manuel Ortiz,Almería,Rangers
Aaron Sinclair,Montrose,Partick Thistle
Gavin Skelton,Hamilton Academical,Barrow
Aaron Connelly,Ayr United,Cumnock Juniors
Darryl Jones,Ayr United,Cumnock Juniors
Jason Thomson,Heart of Midlothian,Dunfemline
Derek Riordan,Hibernian,Shaanxi Chanba
Eric Odhiambo,Inverness Caledonian Thistle,Denizlispor
Stephen Reynolds,St. Johnstone,Raith Rovers
Danny Invincibile,St. Johnstone,Ermis Aradippou
Graham Carey,Celtic,St. Mirren
Niall McGinn,Celtic,Brentford
Jonathan Brown,Heart of Midlothian,Livingston
Alistair Woodburn,Ayr United,Airdrie United
Scott McLaughlin,Ayr United,Queen of the South
Victor Wanyama,K. Beerschot AC,Celtic
Derek Holmes,Queen of the South,Airdrie United
Sean Lynch,St. Mirren,Airdrie United
Graeme Ramage,St. Mirren,Dumbarton
Andis Shala,Dundee United,Hallescher FC
Jamie Mackie,Raith Rovers,Tayport
Aaron Scott,Dunfermline Athletic,Dunbar United
Gary Mackay-Steven,Airdrie United,Dundee United
William Easton,Ayr United,Kirkintilloch Rob Roy
Zander Diamond,Aberdeen,Oldham Athletic
Michael Doyle,Kilmarnock,Alloa Athletic
Craig McDowall,Livingston,Alloa Athletic
Zaine Francis-Angol,Tottenham Hotspur,Motherwell
Kris Irvine,Dundee United,Clyde
Ryan Kane,Greenock Morton,Clyde
Filip Mentel,Dundee United,Clyde
Craig Wilson,Raith Rovers,Forfar Athletic
Conrad Balatoni,Heart of Midlothian,Partick Thistle
Prince Buaben,Dundee United,Watford
Ryan Flynn,Falkirk,Sheffield United
Mickaël Antoine-Curier,Hamilton Academical,Ermis Aradippou
Rhys Bennett,Bolton Wanderers,Falkirk
Max Wright,Rangers,Alloa Athletic
Jeroen Tesselaar,AZ Alkmaar,St. Mirren
Rory McKeown,Ipswich Town,Kilmarnock
Jordan Morton,Heart of Midlothian,Cowdenbeath
Euan Lindsay,Hamilton Academical,Largs Thistle
Michael Andrews,Falkirk,Montrose
Mark McLennan,St. Mirren,Irvine Meadow XI
Ross Naismith,Ross County,Huntly
Derek Lyle,Greenock Morton,Hamilton Academical
Kári Árnason,Plymouth Argyle,Aberdeen
Ben Hutchinson,Celtic,Kilmarnock
Nathan Shepherd,Greenock Morton,Stranraer
Lee Bryce,Raith Rovers,Arbroath
Kevin McKinlay,Greenock Morton,Stenhousemuir
Nicky Clark,Peterhead,Queen of the South
Jason Brown,Blackburn Rovers,Aberdeen
Ally Love,St. Mirren,East Stirlingshire
Michael McGovern,Ross County,Falkirk
Michael Deland,Heart of Midlothian,Berwick Rangers
Jamie Barclay,Falkirk,Berwick Rangers
Brian McQueen,Hamilton Academical,Clyde
Cillian Sheridan,CSKA Sofia,St. Johnstone
Alan Mannus,Shamrock Rovers,St. Johnstone
Peter Innes,Motherwell,Alloa Athletic
Robert Harris,Queen of the South,Blackpool
Tom Brighton,Stirling Albion,Queen of the South
Lee Wallace,Heart of Midlothian,Rangers
Neil McGregor,Dunfermline Athletic,Dundee
Aaron Doran,Blackburn Rovers,Inverness Caledonian Thistle
Billy McKay,Northampton Town,Inverness Caledonian Thistle
Ross Hyslop,Queen of the South,Annan Athletic
Danny Thomson,Heart of Midlothian,Raith Rovers
Mark Ridgers,Heart of Midlothian,East Fife
Evaldas Razulis,Heart of Midlothian,Kaunas
Alan Reid,Unattached,Queen of the South
Farid El Alagui,Romorantin,Falkirk
Graeme Beveridge,Raith Rovers,Elgin City
Jamie McCluskey,St. Mirren,Dundee
Marcus Haber,West Bromwich Albion,St. Johnstone
Thomas Piermayr,LASK Linz,Inverness Caledonian Thistle
Rory Boulding,Accrington Stanley,Livingston
Calum Antell,Hibernian,East Stirlingshire
Gavin MacPherson,Falkirk,Stirling Albion
Alex Burke,Dunfermline Athletic,Ayr United
Liam Sloan,Motherwell,East Kilbride Thistle
Francisco Sandaza,Brighton & Hove Albion,St. Johnstone
Alan Martin,Ayr United,Crewe Alexandra
Steven Meechan,Motherwell,Kettering Town
Dorin Goian,Palermo,Rangers
Deividas Kapustas,Heart of Midlothian,Kaunas
Efraín Juárez,Celtic,Real Zaragoza
Andrew McNeil,Raith Rovers,Livingston
Junior Agogo,Apollon Limassol,Hibernian
Peter Bradley,St. Mirren,Queen's Park
Ewan Moyes,Hibernian,Gateshead
Owain Tudur Jones,Norwich City,Inverness Caledonian Thistle
Lee Robinson,Unattached,Queen of the South
Marc McCusker,Clyde,Queen of the South
Darren Smith,Ross County,Stirling Albion
Archie MacPhee,Ross County,Elgin City
Stirling Smith,Aberdeen,Alloa Athletic
Ryan McCann,Ayr United,Stockport County
Dean Shiels,Doncaster Rovers,Kilmarnock
Scott Robertson,Fram Reykjavík,Partick Thistle
Jack Compton,Falkirk,Bradford City
Grant Adam,Rangers,Forfar Athletic
Sean Murdoch,Hamilton Academical,Accrington Stanley
David Buchanan,Hamilton Academical,Tranmere Rovers
Derek Young,Aberdeen,Grindavík
Craig Thomson,Heart of Midlothian,Kaunas
Flávio Paixão,Hamilton Academical,Tractor Sazi
Steven Ross,Ross County,Brora Rangers
Brian McLean,Falkirk,Preston North End
David Goodwillie,Dundee United,Blackburn Rovers
Ricardo Vaz Tê,Hibernian,Barnsley
Darren O'Dea,Celtic,Leeds United
Kyle Bartley,Arsenal,Rangers
Jamie McKernon,St. Mirren,Ayr United
Michael Ordish,Celtic,Southport
Matt Paterson,Southend United,Hamilton Academical
Ismaël Bouzid,Heart of Midlothian,PAS Giannina
Declan Gallagher,Celtic,Clyde
Josh Thompson,Celtic,Peterborough United
Pedro Moutinho,Falkirk,Brașov
Darren Docherty,Greenock Morton,Largs Thistle
Jamie Docherty,Greenock Morton,Port Glasgow
Max Johnson,Inverness Caledonian Thistle,Blyth Spartans
Bryn Halliwell,Partick Thistle,Sauchie
Isaiah Osbourne,Aston Villa,Hibernian
Madjid Bougherra,Rangers,Lekhwiya
Phil Airey,Newcastle United,Hibernian
Patrick Cregg,St. Mirren,Bury
David Weatherston,Queen of the South,Falkirk
Scott Pittman,Hamilton Academical,Broxburn Athletic
Gavin Gunning,Blackburn Rovers,Dundee United
Jorge Galán,Osasuna,Kilmarnock
Dominico Gibson,Aberdeen,East Stirlingshire
Alistair Worby,Doncaster Rovers,St. Johnstone
Jon Routledge,Hamilton Academical,Stockport County
Tom Elliott,Hamilton Academical,Stockport County
Gary Pettigrew,Greenock Morton,East Stirlingshire
Gary Irons,Dundee,Lochee United
Mark Buchan,Greenock Morton,Witton Albion
Alejandro Bedoya,Örebro,Rangers
Carlos Bocanegra,Saint-Étienne,Rangers
Fraser Forster,Newcastle United,Celtic
Leon Panikvar,Zalaegerszegi,Kilmarnock
Adam McHugh,St. Mirren,Forfar Athletic
Reece McGillion,Hamilton Academical,Greenock Morton
Francis Dickoh,Hibernian,Aris Thessaloniki
Roman Golobart,Wigan Athletic,Inverness Caledonian Thistle
Ilias Haddad,AZ Alkmaar,St. Mirren
Christie Elliot,Whitley Bay,Partick Thistle
Shaun Fraser,Partick Thistle,Stenhousemuir
Joseph McCafferty,Falkirk,Stenhousemuir
Jure Travner,St. Mirren,Ludogorets
Scott Ross,Aberdeen,Peterhead
James Bloom,Falkirk,Gloucester City
Mark Durnan,St. Johnstone,Stranraer
Kevin McCann,Hibernian,Greenock Morton
Mehdi Khalis,Falkirk,Drancy
Mohamed Chalali,Panionios,Aberdeen
Stephen O’Donnell,Celtic,Partick Thistle
Joe McKee,Burnley,St. Mirren
Hermann Mboa Mekongo,Racing Club de France,Motherwell
Lauri Dalla Valle,Fulham,Dundee United
Willie Gibson,Crawley Town,St. Johnstone
Daryl Murphy,Celtic,Ipswich Town
Richie Towell,Celtic,Hibernian
Matt McKay,Brisbane Roar,Rangers
Tim Clancy,Kilmarnock,Motherwell
Craig Easton,Southend United,Dunfermline Athletic
Greig Spence,Celtic,Hamilton Academical
David Crawford,Hibernian,Brechin City
Darren Dolan,Hamilton Academical,Sauchie
Scott Smith,Hibernian,Brechin City
Andy MacLean,Brunswick City,Hamilton Academical
Leigh Griffiths,Wolverhampton Wanderers,Hibernian
Fredrik Ljungberg,Celtic,Shimizu S-Pulse
Mohamed Bangura,AIK,Celtic
Joe Shaughnessy,Aberdeen,Forfar Athletic
Nicky Low,Aberdeen,Forfar Athletic
Ross McKinnon,Motherwell,Dumbarton
Steven Howarth,Motherwell,Alloa Athletic
Keanu Marsh-Brown,Fulham,Dundee United
David Davis,Wolverhampton Wanderers,Inverness Caledonian Thistle
Ryan Connolly,Derby County,Ayr United
Andrew Little,Rangers,Port Vale
Aidan Chippendale,Huddersfield Town,Inverness Caledonian Thistle
Paul Currie,Berwick Rangers,Hamilton Academical
Shaun Maloney,Celtic,Wigan Athletic
Badr El Kaddouri,Dynamo Kyiv,Celtic
Mahamadou Sissoko,Udinese Calcio,Kilmarnock
Jude Winchester,Linfield,Kilmarnock
Jonathan Stynes,ECU Joondalup,Kilmarnock
Callum Tapping,Tottenham Hotspur,Heart of Midlothian
Jos Hooiveld,Celtic,Southampton
Paul McQuade,St. Mirren,East Fife
Dominic Kennedy,St. Mirren,Dumbarton
Adam Mitter,Blackpool,Hibernian
Michael Paton,Aberdeen,Stockport County
Garry Wood,Ross County,Peterhead
Kal Naismith,Rangers,Cowdenbeath
Collin Samuel,St. Johnstone,Luton Town
Valdas Trakys,Hibernian,Anagennisi Epanomi
